Ubat,Iges,Pges,Ushunt,workTime,workPerc,mainTime,mainPerc,Idle1Time,Idle1Perc,Idle2Time,Idle2Perc,MIN_FREQ,MAX_FREQ
4.97777777777778,47.21611111111112,253.51055555555553,5.065,160,25
4.978333333333335,47.711111111111116,256.3683333333333,5.11111111111111,160,25
4.978333333333335,48.95444444444445,253.94388888888886,4.666111111111111,160,25
4.977222222222224,48.93111111111111,260.9883333333334,5.296666666666665,160,50
4.976666666666668,48.89333333333334,261.1516666666667,5.302777777777777,160,50
4.976666666666668,48.74944444444445,277.1944444444444,5.688333333333333,160,50
