Ubat,Iges,Pges,Ushunt,workTime,workPerc,mainTime,mainPerc,Idle1Time,Idle1Perc,Idle2Time,Idle2Perc,MIN_FREQ,MAX_FREQ
4.97777777777778,50.69888888888889,268.04888888888894,6.116111111111111,160,25
4.97777777777778,47.28222222222223,255.77388888888896,5.143888888888888,160,25
4.978888888888891,42.97666666666667,530.4877777777778,4.2733333333333325,160,25
4.976666666666668,48.58166666666667,259.2016666666666,5.181111111111111,160,50
4.976666666666668,48.643333333333345,259.5122222222222,5.173888888888888,160,50
4.977222222222224,48.98222222222224,258.78055555555557,5.2427777777777775,160,50
